19.342724,12.221798,33.898148,47.76364,115.97884,36.92645,72.53837,102.169235,76.33314,79.33324,106.52133,69.06096,86.030495,106.01665,55.12586,0.0
26.642277,11.700783,28.483482,34.07145,130.04732,26.947502,55.65537,117.703804,68.63847,66.98635,118.24357,64.88532,81.05623,109.8447,59.861214,0.0
26.22548,12.278177,28.063923,35.326138,128.53548,26.623005,56.90766,116.956154,63.985107,65.65974,119.77398,59.73883,80.07966,110.66589,55.981358,0.0
26.960945,12.445985,27.259779,36.730095,126.97728,29.053488,61.428543,112.249504,73.75658,71.84999,113.66514,68.37534,86.411705,104.59774,62.860554,0.0
27.082893,12.914196,28.884731,34.855644,129.18382,29.469467,57.039635,117.29838,70.3601,66.645775,119.176025,63.513744,80.04348,110.68026,57.7541,0.0
25.749426,7.5731964,4.1934457,79.307495,90.87107,41.384926,90.238,91.397896,58.03357,92.73179,94.476715,54.063637,89.66435,88.07705,54.37645,0.0
15.383502,16.913849,8.349811,71.492516,102.12266,47.37107,77.65379,105.570366,59.672607,70.99048,114.56494,57.034016,61.659225,112.37061,51.422295,0.0
17.88459,6.186806,14.9784775,70.68079,96.76338,35.809532,85.29018,92.50003,52.120842,96.03279,89.84644,59.01333,99.559044,84.61603,63.474545,0.0
26.298624,13.461595,27.144148,30.775162,134.23633,24.894342,42.30748,130.88121,41.908585,48.545788,136.1397,42.504524,62.330746,128.33865,43.14722,0.0
27.566872,12.598435,30.849562,35.444775,127.98836,27.343544,63.8732,109.78493,76.91545,71.96233,112.93906,67.41689,85.64153,103.80186,59.313126,0.0
18.095333,5.3670964,22.905052,76.8161,92.39751,42.578712,102.94159,78.50959,76.298225,108.27752,81.66842,70.276955,112.336754,78.41936,66.25105,0.0
26.921597,18.447224,12.312374,61.344353,107.42521,40.536564,61.918873,114.0097,44.554817,51.251873,121.47953,37.875725,42.513893,124.11382,34.062347,0.0
26.051266,15.661252,15.538624,50.147476,122.016045,33.96082,46.864258,127.754944,39.45532,34.757996,130.68387,30.868933,35.306236,133.37404,22.485424,0.0
22.365932,17.866375,45.147057,36.178017,160.82121,6.0569973,24.100477,146.48524,16.059893,23.551699,137.35854,19.546225,43.414276,137.77055,18.69688,0.0
20.406092,18.755913,48.687164,36.450535,158.74297,8.051091,31.393791,148.09175,17.68093,39.18438,138.00127,21.213593,57.147747,131.07515,32.492252,0.0
11.523029,9.830276,17.785763,95.97516,64.46402,47.719234,106.745995,67.35243,60.859467,111.09273,74.4359,64.73547,109.71323,68.98212,83.29224,0.0
13.409179,19.622993,18.108696,83.2919,60.003193,70.1734,89.12656,90.33896,70.51434,85.64177,105.602715,55.491283,79.418655,111.339355,53.187115,0.0
19.831963,11.778781,48.973103,103.95127,53.405006,35.164513,125.802826,43.9945,65.86206,135.20558,44.762592,85.17094,145.54819,31.479591,82.76203,0.0
28.305334,13.84477,29.105417,28.97355,135.96596,26.492977,37.52514,135.23529,39.535103,44.847645,139.24515,39.144444,58.095016,130.28484,39.254055,0.0
31.85159,15.157503,23.873735,29.917555,135.35916,28.27392,40.313663,132.21997,45.918823,50.518772,133.56123,46.00121,65.74795,124.71114,44.727833,0.0
16.72099,4.1618733,3.4080884,58.383667,106.5236,46.393646,65.05805,108.26577,61.173054,64.12819,114.90809,59.15591,58.038395,118.38232,50.675335,0.0
21.50158,14.219068,27.712065,28.83412,162.44547,11.986879,19.202147,153.5525,14.974793,22.847382,133.82378,24.97207,45.34819,127.498474,22.18819,0.0
25.02992,19.090559,18.263338,22.69038,132.05145,30.438341,43.066895,112.00528,42.941795,54.20244,104.86786,44.248005,66.33638,99.499695,43.945538,0.0
25.717506,20.872034,33.447067,16.386532,134.96242,29.324604,36.72815,116.11699,41.305775,50.881554,107.66323,42.04612,65.84943,105.332855,40.82708,0.0
29.900702,10.196437,21.99711,36.897972,129.18086,36.118305,50.445087,124.24557,60.814457,59.512768,126.553604,59.622337,73.02302,119.4659,55.04392,0.0
31.786716,19.014585,44.82368,34.59612,129.76772,43.316326,46.58707,126.644356,91.74471,54.24797,130.68869,71.740715,72.17244,119.24087,60.445972,0.0
10.034726,15.220693,22.282822,72.25409,93.66432,46.215694,82.703835,96.8774,74.34171,83.0491,103.69135,76.19589,75.83655,106.158394,65.21243,0.0
31.36965,5.971977,3.4283,77.1745,87.561905,47.27873,95.89631,84.53251,83.12392,101.33286,85.84525,79.652435,104.77466,77.346405,76.86003,0.0
32.455322,51.333748,35.37004,71.24267,96.84197,21.71236,101.4425,78.39515,133.58423,106.875755,82.30455,100.73313,129.6393,55.262375,79.74583,0.0
5.2866817,25.320065,70.06074,103.20423,53.90322,87.24996,115.65464,82.257675,98.00414,119.73167,126.88652,55.368065,112.23298,151.91313,27.15271,0.0
12.67344,26.447231,75.79199,106.90481,47.501102,92.07675,119.07087,74.48315,107.33638,121.96434,120.82103,63.65146,112.57078,160.93396,23.892324,0.0
18.727976,24.456327,72.73948,101.47215,57.28383,56.24396,132.49243,39.936172,112.33736,142.97408,38.175858,118.81773,152.39375,22.34903,133.89392,0.0
30.095173,23.054394,47.619656,31.59343,132.64484,50.310204,49.39316,122.57653,129.29388,59.32202,122.50177,96.65952,84.924355,100.45719,77.145836,0.0
29.130291,41.285168,23.130041,79.90949,92.527245,42.20605,80.001945,102.94231,76.74867,73.74744,113.29799,70.53671,75.16512,105.41707,57.80709,0.0
44.847195,36.294544,14.3009815,83.232765,102.00208,52.550373,94.532524,97.00339,61.036865,97.85928,91.80418,57.1479,99.50507,78.23825,44.597977,0.0
44.40374,62.594807,7.8308573,98.33764,82.49061,55.70643,103.31263,85.32738,61.646824,101.40164,87.97209,55.961514,101.062,75.971855,49.66012,0.0
32.792618,44.25774,38.44659,41.891117,129.44493,16.136848,45.969715,135.71906,134.47482,48.12662,143.53984,83.36233,45.794575,146.97798,49.057922,0.0
54.166367,35.99003,49.953354,33.194427,147.12689,19.004711,27.751226,148.97797,64.1024,30.982208,151.92809,50.912457,51.203426,135.559,45.884052,0.0
39.637978,19.08352,48.68996,33.848827,126.64667,68.933334,44.79337,125.11618,94.57385,54.512314,126.13231,79.42418,81.17004,107.02937,74.064316,0.0
30.801516,7.5454597,8.74324,77.01207,95.9649,35.245003,82.97145,97.19612,52.077534,89.63818,95.596054,63.929684,99.48829,81.34616,68.03642,0.0
11.256944,20.744972,15.501218,60.9331,107.57246,37.545944,72.52531,105.246376,54.18993,72.322784,109.625946,53.6968,71.68474,103.15156,45.588554,0.0
27.072777,8.724198,6.355882,75.52041,97.5856,34.925518,79.31455,101.39728,44.968796,87.153,97.936264,50.395638,93.515045,85.94802,55.654495,0.0
26.813828,13.901073,43.72361,43.599384,121.59526,68.7618,53.81193,119.36933,93.36513,63.072227,120.47414,79.34668,84.26608,105.872475,69.846924,0.0
36.1824,27.83075,43.570057,34.758457,145.93037,6.3680334,34.31121,147.06288,59.948578,34.87388,152.1827,53.308357,42.301403,146.90356,43.769203,0.0
20.10628,26.244743,40.740913,38.188725,138.67879,12.213435,41.144424,140.20616,15.876455,40.80045,148.62076,21.652758,27.710354,163.82957,14.606459,0.0
22.746021,25.762897,42.682953,27.168373,139.53232,18.412474,27.157892,144.96298,24.200508,33.55995,148.33176,25.562336,43.786938,142.207,25.049953,0.0
16.64268,23.838478,49.9022,28.19348,144.76479,9.292968,34.56182,144.88931,45.1598,33.9172,155.6837,50.48805,21.88406,167.24362,25.281797,0.0
25.309418,95.523674,32.238914,141.54503,21.0308,105.20032,148.69244,29.48888,128.33076,146.05765,39.93589,121.74759,139.88501,38.071846,97.13794,0.0
10.289055,20.848478,24.139027,137.906,29.996311,90.36521,151.00061,21.125748,136.80994,151.11943,50.575603,126.02479,140.6186,34.59591,126.49085,0.0
12.087561,9.265158,6.6362853,117.582405,57.75291,72.81625,129.90816,70.43575,87.900826,135.60416,97.782455,75.41211,134.11252,96.9392,81.248924,0.0
8.278857,17.414553,13.079501,80.16215,86.43374,57.836803,87.9131,90.31631,68.96148,83.475716,100.45133,68.18259,75.41545,104.76344,62.565918,0.0
42.78391,29.963942,38.0742,33.351482,130.70705,37.8904,39.558647,125.515945,61.611614,49.800972,127.17955,61.998444,76.04621,108.13559,59.847218,0.0
58.05887,18.575459,25.117636,57.443775,90.363045,31.135191,77.94951,89.48799,62.351818,94.86955,87.99803,65.113976,115.0077,74.561966,63.931507,0.0
33.529655,29.609077,5.63886,84.70643,83.35429,59.30406,88.69233,85.02644,86.63208,78.724884,95.972534,81.188194,64.31937,103.69781,62.47195,0.0
23.107098,29.334005,55.27341,31.040909,152.44603,18.451735,19.839817,130.83035,29.192867,42.103054,117.79956,33.17142,72.3201,109.55774,37.104626,0.0
26.862978,32.44953,44.782,37.954926,113.33121,49.702118,64.1663,94.066826,67.13869,77.91816,86.49899,65.52297,88.406425,75.41966,70.01899,0.0
24.584454,33.702534,52.690292,27.041288,120.65253,46.060455,42.22957,101.46137,59.434486,62.04631,100.07839,56.54858,79.88825,95.28865,63.441284,0.0
29.425358,6.407836,24.147789,74.9915,92.09178,46.646347,86.71773,92.43791,57.340927,103.20708,83.61726,65.06645,111.457695,76.832504,76.09052,0.0
23.939219,10.538826,27.78861,79.35217,85.24553,50.29114,89.816795,87.421555,62.85619,109.54761,76.82116,75.51214,120.15331,67.64224,83.63555,0.0
30.790619,22.059454,16.305077,61.93182,97.9742,77.36413,89.67383,84.0754,127.91643,101.14908,81.56308,113.75777,114.58252,71.73357,98.13142,0.0
31.386225,19.34623,37.692837,30.800014,143.82431,6.989455,35.348713,143.86443,71.823784,40.181755,146.9311,58.095512,41.293293,148.09267,39.5287,0.0
24.948742,23.14025,46.76214,35.53082,142.75488,4.5126915,40.68787,145.4888,80.35126,46.55186,145.46083,72.20225,37.907932,155.05571,44.04741,0.0
25.85869,25.204266,48.887165,45.17949,132.38687,17.682611,47.739536,136.43092,20.12033,46.821632,143.9585,24.01737,35.327763,154.32831,20.136446,0.0
34.392315,24.08224,20.348267,72.30762,104.71286,33.12739,68.185875,111.41156,31.234047,64.82502,115.22504,34.82562,51.182713,125.77803,31.508333,0.0
49.42174,29.244944,19.928108,83.359726,88.73087,48.321964,94.558685,92.72916,71.62205,91.78457,95.55919,66.743675,85.027794,94.77786,55.99251,0.0
29.83513,30.102026,46.66818,39.376884,137.99246,5.2316413,45.244843,139.34763,128.28085,49.25241,144.02986,84.696106,41.266243,155.26094,46.055008,0.0
32.2621,29.011236,54.03838,36.135014,132.6893,23.468927,51.473747,124.97906,144.66461,62.183834,126.03817,106.00538,73.429,120.0465,65.586426,0.0
28.279818,29.282064,55.254837,45.523483,112.588356,49.245575,86.2185,83.815636,128.87926,101.19053,81.92563,108.38687,114.22966,74.54043,78.28786,0.0
21.334959,24.9566,63.9893,58.817333,100.64163,70.99707,93.30763,78.39565,123.11059,103.69958,80.55593,106.55909,118.085754,74.25677,85.09668,0.0
17.837103,20.368614,66.28537,75.57116,83.76974,50.99434,107.13213,70.74896,90.05867,115.170456,74.67894,78.5132,123.46578,71.16428,70.41738,0.0
17.761585,19.161234,61.987946,50.343346,101.17714,47.58191,75.92584,93.592636,87.9567,85.332695,99.96649,80.453255,101.69636,92.05469,74.51826,0.0
22.059265,19.807915,57.804203,37.73337,113.43815,57.664932,59.744026,105.57439,98.73501,73.9368,107.917694,85.673096,89.97443,99.208534,71.28048,0.0
30.741957,32.155178,34.619614,30.776525,141.30975,3.2743456,35.719593,143.23499,42.18455,36.743816,152.47874,43.084606,36.167797,154.74663,33.01367,0.0
31.458456,31.526985,35.73564,32.7471,139.22552,4.983656,38.430576,139.23814,28.074512,37.651386,151.22185,39.086685,38.863674,152.15224,29.883123,0.0
16.896473,7.0523014,45.737762,60.170288,107.43931,35.805676,79.755806,98.94824,76.5607,84.761566,101.94884,69.04575,87.744705,94.61855,57.372345,0.0
28.90263,6.18495,11.8428955,59.580063,107.89568,33.876846,67.38108,106.2618,45.723747,67.99275,109.28804,41.34289,66.96097,100.3425,39.43452,0.0
25.274847,30.469606,32.78929,52.808735,124.967026,44.89148,45.218143,131.77702,41.482243,32.97424,136.34628,36.990364,21.68113,143.63998,23.130241,0.0
21.017801,19.29991,30.423092,8.406472,153.03745,18.990147,28.84124,130.82292,31.916422,40.89213,119.81591,37.95353,51.66683,114.752205,34.033665,0.0
24.54061,15.576337,36.238747,16.573086,173.05125,3.5583422,16.262604,146.1837,16.868881,26.133547,130.60782,28.821024,39.86575,118.42589,23.769775,0.0
22.800468,8.134736,15.861719,72.457115,100.33608,35.462418,79.63292,100.27607,58.27628,78.09033,103.31858,58.19794,76.508736,102.27716,53.61513,0.0
23.34719,24.183619,46.272938,35.653263,133.47707,21.632925,35.888546,143.18521,39.14199,34.13755,152.82428,33.023903,37.549004,144.43787,26.380663,0.0
21.84182,36.214993,64.07774,42.09678,117.3408,25.716848,41.79782,131.81496,33.610725,42.5193,143.54771,29.997408,56.802258,126.06648,31.739616,0.0
27.818628,31.013317,55.159264,40.87436,130.00513,17.248835,37.14193,137.83649,40.60641,36.932026,146.7517,31.849184,50.14243,134.21683,25.902967,0.0
29.04344,20.13642,50.882824,33.88808,144.73546,12.15276,35.4801,147.98921,42.9519,32.234577,158.58368,35.293716,29.444727,154.91716,25.470732,0.0
19.815443,16.13524,56.581596,33.01718,137.70184,17.394472,34.130863,145.43037,33.804153,33.287876,153.36133,28.29723,38.94522,143.6596,25.220722,0.0
19.926565,9.085646,7.523781,60.34152,107.19927,31.707188,73.67051,105.24147,50.517586,76.42318,106.040474,50.195396,76.84243,102.33506,53.19395,0.0
19.488163,8.104291,21.917929,61.296024,100.446655,40.989,72.816414,107.950005,47.37778,70.02533,116.14985,43.116215,63.70712,112.32061,46.276466,0.0
15.170178,8.049003,62.186687,72.198586,86.95148,39.667206,89.23448,91.16002,59.54371,91.802605,100.685776,60.86354,94.17213,92.0499,72.34006,0.0
15.670983,6.6432076,84.611496,74.99205,93.38327,53.646954,100.29706,80.36082,89.17288,101.53563,85.22581,79.051285,110.596596,72.55523,75.78251,0.0
25.300272,19.467415,54.85691,34.374664,134.34431,19.595512,41.36695,136.86638,77.72212,40.603127,147.90663,54.491814,44.030792,142.95515,33.965206,0.0
36.92061,18.802977,55.724327,37.60191,136.66653,6.734007,43.56637,137.51332,94.86727,41.325108,147.81947,70.36295,29.128496,159.19203,40.602886,0.0
18.443508,4.66233,75.76338,45.013527,121.65994,47.039246,59.60319,117.84308,105.5275,57.897217,129.23438,85.030556,65.23579,118.196465,71.18298,0.0
6.6406245,27.280851,51.965267,73.89263,91.62311,55.545906,75.07169,108.681335,56.19629,68.36295,121.014465,48.844563,63.065617,136.86986,44.019608,0.0
9.937218,33.040394,55.58206,68.96391,96.21885,60.90753,69.62779,116.90364,55.840366,66.09477,132.33566,40.719284,65.123665,158.67877,22.96813,0.0
21.552689,18.816444,47.826324,41.227055,129.69588,36.623146,34.958103,155.60579,19.954548,39.51704,149.77776,16.101967,55.478493,144.36327,19.075165,0.0
4.958122,22.946053,65.97992,64.99975,94.69598,53.534233,65.74467,113.38717,54.02934,59.335613,130.476,42.212746,57.68041,151.03975,31.969719,0.0
13.182941,12.055181,49.36504,53.28885,111.56949,37.977566,63.118313,113.18446,63.951603,71.76676,114.54069,63.865887,78.01619,108.126205,55.31322,0.0
20.792416,21.59368,43.802025,41.028988,124.67069,36.39654,47.964638,129.90123,66.128624,48.0142,139.69017,50.756943,53.245415,131.8117,35.160686,0.0
29.642134,23.043058,43.71295,37.346146,132.16132,31.672827,42.186234,137.78821,63.07168,43.3772,145.21683,46.724487,47.07797,137.63483,32.559357,0.0
33.496445,30.2126,30.508766,37.3196,135.79971,24.177269,38.73284,141.34877,48.703865,38.62849,149.526,36.483578,44.361748,140.228,30.379417,0.0
32.784443,27.606888,43.972965,37.127743,140.72823,12.1185255,35.76977,145.2103,29.426697,32.346584,155.49937,26.669552,33.05177,151.58081,21.885826,0.0
32.17073,28.197428,42.73539,40.04281,137.74158,12.41828,38.234978,144.27675,26.642002,33.250687,156.23164,24.653288,31.645672,153.40138,20.437061,0.0
34.88935,29.226427,40.444683,39.222572,137.81839,11.601761,37.161007,144.81197,28.076086,33.29421,155.50075,25.054333,32.667618,153.75696,19.96298,0.0
27.659891,28.947495,40.823437,38.818695,131.0983,24.407524,36.931465,141.68631,33.14264,35.159004,151.30748,27.65709,41.08954,139.96872,24.9305,0.0
24.385252,25.375868,40.426033,35.868065,132.36816,23.443193,37.42884,140.06815,34.87633,35.544712,149.27588,29.693562,42.223034,137.48048,27.990572,0.0
31.87112,29.3868,40.40352,35.965645,132.14052,24.176685,35.48909,140.90968,31.642532,33.790283,149.40541,27.052801,38.622337,139.64212,29.451323,0.0
26.89223,26.458494,32.61257,34.52869,135.19292,20.289915,34.584366,141.9339,27.737118,33.51567,150.0576,25.429552,40.779118,136.61513,28.091518,0.0
30.820698,22.96223,36.227192,38.700806,141.35442,8.861748,32.752663,149.88805,20.476313,28.423737,160.59079,18.576397,26.50969,156.99086,16.899158,0.0
31.819471,24.07815,43.32237,41.67804,136.97261,5.763593,39.375267,146.34634,22.254444,33.713116,158.13731,24.130936,16.694777,174.67273,14.590881,0.0
35.214134,25.73894,23.880186,44.063305,132.90771,8.897272,38.641552,141.0908,13.659435,31.697275,156.48177,16.953531,25.3342,157.04527,15.4551525,0.0
33.404648,11.4043,6.902033,88.43244,84.88659,40.444294,90.85575,89.226585,57.022846,89.31228,92.90401,66.377396,82.444176,95.06031,54.785645,0.0
23.54669,30.157303,38.873116,72.65229,101.37356,42.96083,76.045906,101.83242,50.553062,66.91185,104.48034,55.8319,49.821278,112.85315,38.59888,0.0
21.047577,30.816975,33.34142,94.59088,86.27717,39.833595,95.948845,83.46713,48.89461,86.7246,86.65259,55.80672,71.66984,96.07906,36.661777,0.0
28.425468,31.560684,37.1011,36.037457,128.27925,24.244957,36.120842,137.49658,29.617714,36.707687,146.01848,27.187557,44.573574,134.37282,29.579483,0.0
33.022316,28.787722,36.07717,36.705246,133.45041,18.019281,34.67405,143.27222,25.307573,32.75655,153.10977,22.579725,35.667686,143.19516,23.020437,0.0
33.659687,29.371853,37.918945,42.471508,134.7397,5.6326632,38.6768,143.80336,17.745499,32.293648,157.67038,19.36173,22.44508,164.42036,12.416989,0.0
27.618471,8.617728,15.843711,72.93034,96.33709,49.14619,81.536644,93.87265,67.90845,81.4279,97.05985,64.58404,76.93344,96.235985,55.478683,0.0
17.97949,26.697996,28.311857,72.23721,103.17887,58.11584,74.204666,110.14289,63.989105,66.078316,115.61949,55.62555,56.5627,118.96786,47.34116,0.0
27.964962,31.864355,32.676285,48.69727,123.26965,44.106876,38.65623,143.77707,34.338547,28.838379,147.92099,21.879778,41.281445,143.57002,19.738472,0.0
26.441824,26.065666,28.667175,40.334717,133.26352,34.162537,29.51601,149.95438,25.739769,21.967312,152.3806,17.133116,32.977436,153.89644,10.920679,0.0
24.368574,21.473032,35.22471,43.27611,124.98352,24.503984,50.330166,109.98751,32.16024,39.060974,116.0866,28.033627,30.65856,123.521866,14.534658,0.0
14.589015,11.886064,20.419046,76.32126,95.31321,36.03435,76.488045,99.94174,41.45764,71.68384,103.396675,46.138115,64.31111,104.383064,37.635025,0.0
25.84219,18.810165,38.986645,33.4413,138.35779,24.690306,35.48645,142.65773,53.372963,36.139565,148.99359,42.8701,43.590115,137.95111,35.580853,0.0
32.772907,29.718933,31.046808,42.006256,131.41402,14.509746,42.319828,137.80475,52.99282,39.48545,148.55618,49.93362,20.847288,170.3016,30.900747,0.0
19.45622,39.80459,41.67619,54.36968,107.349815,16.82245,61.186893,112.0575,59.97593,57.944847,123.501564,54.78672,43.771385,134.27296,45.17226,0.0
25.292946,36.90902,44.716232,47.06319,120.655594,12.321202,52.25274,124.29088,61.538857,48.409203,134.93076,60.969357,25.403782,154.20088,40.419952,0.0
28.526016,26.518806,42.164684,40.99809,133.28473,7.4141927,44.05127,137.08485,75.74263,39.1751,151.29791,65.59229,21.449886,171.8688,36.996677,0.0
27.005846,22.969452,49.113804,37.862885,131.06148,11.958785,45.069252,131.77118,79.84029,46.7802,141.44589,73.65481,49.38115,138.43842,55.705227,0.0
24.417294,17.894402,45.88705,51.952538,112.74495,49.189693,55.399376,120.1128,82.09806,61.01892,125.2363,74.237404,74.15877,108.1842,68.18456,0.0
19.686457,32.326416,39.9923,39.805504,123.41167,36.79015,39.415215,133.86731,48.571705,40.80912,142.93318,42.6578,49.98706,133.16,34.545948,0.0
29.608665,32.07404,36.426514,42.627827,123.17217,32.544598,40.257515,136.06766,42.023315,40.341354,146.05472,38.2652,50.494797,134.18806,37.3177,0.0
30.688187,31.123034,37.308662,39.948833,124.492485,28.526901,39.91453,134.86884,35.8149,40.5295,144.42169,32.15998,49.665234,132.83698,35.420116,0.0
32.450237,26.48817,22.384947,39.76703,130.66663,23.826357,36.348724,140.22656,41.956234,35.893288,147.87904,35.05174,44.19279,137.34276,34.42588,0.0
26.245129,19.38256,36.30903,36.836655,135.99184,14.281683,36.054092,143.8267,31.124926,33.00451,153.95424,29.326807,32.440453,148.3923,26.547226,0.0
17.803484,12.696797,46.52334,38.359814,126.94863,26.199326,42.588272,134.5077,48.296135,42.471905,143.40683,42.641785,50.97278,133.0783,35.902863,0.0
24.18212,10.758732,12.410918,65.26528,102.583145,39.41664,74.63524,106.69879,49.99084,73.96796,109.258736,51.02064,71.94965,103.547615,52.057533,0.0
15.36233,11.021151,23.758314,64.35943,106.73685,49.878372,67.57764,115.381065,54.270947,62.5098,121.182976,50.545948,54.915398,117.708305,49.097565,0.0
14.444209,13.616688,52.73218,67.1086,101.043915,45.046196,77.21344,108.82113,54.860336,75.88535,116.806816,52.036747,74.635056,112.6997,58.986385,0.0
5.5221806,20.826164,99.19916,78.82078,88.726746,54.63463,95.171646,93.3227,79.42516,105.56269,101.85498,71.80786,114.06939,97.68683,81.79715,0.0
1.2834191,25.332636,89.58596,82.07792,85.638596,61.51974,96.424866,95.194916,78.55338,103.58204,110.56331,64.31035,109.59166,101.834656,76.55052,0.0
6.1716814,18.521376,70.61302,81.00311,87.593666,60.920082,91.41209,107.88903,64.97969,94.58939,125.95157,46.954155,94.32945,140.79115,37.746952,0.0
24.997238,5.3790565,17.28523,62.760075,103.8909,42.125427,72.666824,105.72009,53.768265,70.86187,111.0658,50.50443,64.68684,106.54206,46.599766,0.0
24.384043,8.433187,18.348692,70.55571,99.62165,34.951916,77.174545,101.76873,46.132988,74.45061,106.747635,43.02303,70.45621,99.37733,42.45232,0.0
29.258318,13.093606,5.4446235,88.62657,87.14146,33.275784,89.20976,91.89422,39.645336,86.12911,97.25115,47.407196,82.956604,97.86457,47.259644,0.0
36.57491,11.902607,2.3662288,92.77644,68.774155,29.214325,96.08723,77.65904,30.974583,93.72747,83.29467,35.446064,86.21267,87.507774,38.430183,0.0
23.912947,21.840971,29.048765,46.448624,119.35262,29.460215,46.58534,128.60468,42.44319,48.03214,135.92703,45.32088,59.354153,123.212555,43.102146,0.0
23.107008,25.767933,47.977077,25.111767,163.77995,2.4145687,41.816887,123.250946,16.216526,52.710285,112.010635,22.89948,66.4798,100.01807,15.265678,0.0
22.810875,19.590712,45.924377,11.658081,156.94121,12.72113,42.382015,118.885216,25.492043,55.371426,107.71796,31.826094,66.17211,101.63277,24.205437,0.0
22.56693,20.581762,49.727013,22.374578,135.6076,23.694288,52.567917,108.62257,34.586937,64.91658,100.16166,36.501907,70.6342,99.68208,29.278595,0.0
18.120163,21.364965,24.842506,82.27419,96.26004,48.646538,83.14108,100.945145,56.590942,75.73506,104.05284,61.607418,70.03711,102.62,48.31511,0.0
15.7434635,16.409077,23.614346,87.751396,89.26952,43.032772,87.45272,95.14438,47.13914,80.937256,100.52435,53.472164,72.72644,102.4406,43.381516,0.0
26.453754,19.143167,17.381218,38.103104,131.89015,18.48963,37.689674,138.20291,40.885227,37.315598,146.50621,36.093975,42.965614,138.35002,32.888474,0.0
27.959295,22.724352,28.661493,40.263172,132.80663,11.19176,37.34334,142.83044,24.461077,31.245539,157.65517,23.235323,17.151415,173.22887,15.878246,0.0
30.60468,22.464521,25.84362,39.70713,131.22328,13.245043,38.58081,141.01541,32.696068,33.671444,154.57938,29.31241,15.62618,173.64066,21.472126,0.0
27.367098,22.292309,43.923977,38.15659,133.23108,14.228876,38.66693,140.29042,35.113995,34.408413,152.65073,33.360554,13.629981,170.40677,24.14451,0.0
21.106714,20.494196,41.151783,37.008015,130.96068,15.546842,40.73383,135.99687,53.603897,36.733837,149.53387,45.94425,17.181604,169.92142,28.314608,0.0
28.382133,24.846819,41.04191,38.09562,132.97636,17.007544,44.396397,134.62506,71.30928,42.3737,143.56343,62.48885,21.60432,161.20978,37.741905,0.0
24.452755,29.866886,43.60825,40.570995,131.36183,11.262175,45.16556,135.62105,73.086784,40.67635,145.5748,64.07765,20.89161,162.22789,39.654003,0.0
15.685049,23.466978,10.939205,31.889133,20.56626,10.873412,44.28123,18.533989,8.678401,40.036686,23.643984,7.511027,31.45484,25.928562,9.403814,0.0
32.460365,10.401436,14.908698,7.2562757,5.006595,1.4203146,6.317986,4.992677,1.9767426,6.8514113,5.8543153,4.200168,9.364097,3.0592186,6.4046054,1.0
30.221756,9.931455,11.573554,7.5623765,4.8815184,1.988708,6.09223,5.0081215,1.9105979,6.0407333,4.6068044,3.8918939,7.903081,3.052042,5.9622235,1.0
32.329967,9.822911,15.817918,7.5296116,4.6580453,1.5675033,6.0490637,4.873662,1.7146176,6.117358,5.0264206,3.522395,8.343508,3.1246383,5.4776163,1.0
34.339703,7.917831,18.77417,7.633646,4.90578,1.1154032,6.0070457,5.5069103,1.576102,6.052719,5.89294,3.5287826,7.7171383,3.4321647,5.5745997,1.0
31.378078,8.138667,15.974225,7.6326585,4.582315,1.6017231,6.204602,5.344162,1.9555601,5.47163,6.08397,3.8289583,7.399916,3.4645793,6.080976,1.0
27.854504,3.0562572,7.329944,11.203269,7.245256,3.6791692,7.067461,8.505903,2.8567836,3.4702837,8.410455,4.3095317,4.0578547,8.193721,4.934748,1.0
33.028183,5.5107126,5.4260883,17.115618,6.643258,2.2441256,10.6956415,8.657376,0.5738333,5.6691837,10.483581,0.95149446,4.602048,6.776596,1.5079968,1.0
28.861465,6.092868,3.714837,12.954313,5.837258,5.5652795,5.6876955,10.718275,3.4758723,3.4384618,10.732134,2.5464485,6.9138613,7.1540313,3.6491857,1.0
14.919071,2.2353766,18.630047,8.53537,2.3922553,3.0688987,7.0931816,2.0055013,2.928025,4.9490867,2.3749404,0.92903304,6.462342,3.7225416,2.534564,1.0
15.980204,3.4658556,19.73365,5.911236,1.940982,2.16272,6.7628174,1.3661306,1.0262979,6.506957,2.3131297,1.9280566,6.2386355,1.8733498,1.5926162,1.0
19.4519,5.506823,20.993326,5.625487,1.7940043,1.9502797,5.7052784,2.3909204,0.47027615,6.9308424,2.3013184,2.184446,6.2765236,2.7238798,1.3937769,1.0
17.949425,4.3141794,20.700533,3.7042167,2.2490826,2.6074576,4.957948,1.6840502,1.0931298,6.9431863,2.365841,2.3625875,6.0574045,2.1332357,1.4155213,1.0
17.053915,3.7624035,21.646473,9.949015,2.1216059,2.3817894,7.2432256,2.5522556,3.5633836,5.2669168,1.3137046,0.9664165,7.3560557,2.2721303,2.2179823,1.0
11.442448,1.4002107,23.74694,16.893705,1.707065,2.3461566,12.75681,2.4909456,2.0724463,7.7674994,2.018524,3.4503367,6.143427,4.3315845,7.443441,1.0
33.01264,6.497476,9.747804,7.729288,4.5501933,1.5373156,6.9619637,7.218253,2.0786767,5.195207,5.1833234,3.8866758,6.2144384,3.1540487,5.7392564,1.0
35.326168,9.701574,15.155005,7.2645483,5.6160073,2.7951806,6.8316197,5.4979653,1.8457376,6.900586,3.4812324,3.2560096,10.019461,2.0221255,5.474106,1.0
33.12161,11.822158,16.464573,7.392135,5.803006,3.3630974,6.7494893,5.8624606,2.7431872,6.780273,3.566886,3.7584383,9.4238405,1.9896638,5.3218603,1.0
34.86051,12.616096,12.364158,6.890507,3.3082478,2.3072643,5.2110415,4.0632234,2.0733407,3.2306633,3.5951114,2.7981443,5.2246428,2.5263782,4.802591,1.0
38.13081,13.658678,16.514128,7.859955,3.908418,1.4476713,6.93835,5.186619,1.4852293,5.0320535,6.6025324,3.4132898,7.8463645,2.0873168,5.820974,1.0
41.961952,12.385235,20.57896,8.799433,3.889547,1.76941,7.7552314,6.8051724,2.0441127,5.040285,6.593097,3.7263424,7.535385,3.643746,5.928845,1.0
39.012417,14.963716,17.122875,10.189513,3.8815482,2.8246584,8.619248,4.2828846,2.4487393,5.606266,1.7264023,4.297351,7.8748603,3.8032508,6.2515383,1.0
38.796703,17.243944,19.388344,8.45475,3.3603146,3.944528,7.1863976,3.3981934,3.0495296,5.0905685,1.3749943,4.641732,7.4334826,3.9260018,6.6075125,1.0
30.476744,18.217667,10.180774,6.7252374,4.185755,3.5979526,6.0611587,4.076367,2.6931896,6.1654706,1.5782712,4.617039,8.347242,3.1364455,6.670986,1.0
28.76473,12.256921,11.184125,7.4608335,4.0694346,2.5637307,7.550394,4.1173053,1.9656287,5.325021,3.0921748,3.3077843,8.496708,2.3107479,6.0645604,1.0
35.005604,7.527467,14.467841,7.8830423,5.5998406,0.6883475,7.552363,7.2044334,1.0741684,5.4120708,9.053293,2.3298397,8.653534,4.645595,4.451123,1.0
34.307575,5.9529,9.321053,15.342754,10.085329,2.3587482,12.079744,10.076989,1.3722926,7.2574563,10.712463,1.9492896,6.311363,9.112706,3.1210892,1.0
18.549162,14.108484,5.734438,11.853588,3.4872396,2.1909597,7.136263,5.0124373,2.8525665,9.976663,3.451297,3.627744,16.160107,3.1306703,5.56883,1.0
17.684294,8.020262,10.239998,13.335744,4.049318,3.2517042,8.066304,5.299777,4.099726,7.8779097,2.5409665,5.4387126,13.4203615,2.613045,6.5535517,1.0
17.26005,5.026911,22.936235,8.436883,2.8380535,2.8786535,7.462699,1.9367619,2.1877482,5.4187856,0.8884639,3.1195164,8.5324335,3.1178875,4.7944093,1.0
15.811793,3.3754866,19.752558,6.362801,2.392555,2.8251417,6.1649675,0.49948993,1.5278555,6.204329,1.8545467,1.7681323,5.9033465,2.8058622,2.9114823,1.0
18.673166,7.5278764,14.35506,8.885469,3.570851,2.7362547,6.523697,5.259796,1.6180326,8.473144,3.2510188,1.8297111,9.010215,4.1472287,2.5708575,1.0
20.146013,7.588973,16.307047,7.8175097,2.537443,2.909425,5.459156,3.9187617,1.208837,7.484325,3.240005,2.9014413,9.901045,4.305409,2.559818,1.0
16.644743,4.8247705,13.8592205,6.4008474,1.7240318,3.0532012,6.9827104,1.5974911,1.0962311,7.992977,1.5766082,1.0503408,9.032674,2.9343626,2.647536,1.0
18.114582,13.111827,2.774113,16.123802,6.081052,5.370307,12.768838,5.674006,5.1687055,10.108181,4.483348,3.7724714,15.362617,5.4216595,4.4718003,1.0
32.2364,3.8239431,12.181092,10.648466,7.413657,1.3446438,5.7235136,8.470828,1.2373539,3.6334498,9.312777,2.3446023,2.0830135,8.287989,3.467238,1.0
29.653362,7.1791368,14.594656,6.6443486,5.423727,2.959516,5.181503,5.661339,1.7137003,4.83123,6.7711163,3.0011482,5.897022,3.590838,5.2235756,1.0
37.69973,5.692364,36.128483,7.9502807,4.902985,3.2906134,6.7460117,4.2986565,2.5295763,4.7096715,2.6910324,3.5589325,5.7023134,2.2146795,4.9265842,1.0
27.815775,10.595285,34.424934,13.496446,4.3171015,4.8317413,10.429032,5.9761004,3.5273826,3.40883,5.8251443,4.381116,4.0289917,3.6813407,4.190313,1.0
16.8892,3.5079367,5.9428515,10.424413,11.753491,6.5998135,13.259292,14.462286,3.595442,11.999889,10.827345,6.8781486,17.439722,10.786972,8.572842,1.0
15.614303,6.7755866,5.744522,14.159114,8.833406,8.320722,16.86679,17.142714,9.076711,11.505443,29.809792,10.429127,11.133972,34.49309,9.376522,1.0
9.5245905,12.731306,20.220999,16.096266,5.707476,10.476205,20.610218,19.207085,6.1757703,22.114977,29.526226,9.239937,22.636763,30.484798,7.1609793,1.0
12.2631855,17.659153,19.863798,26.67521,4.724795,10.215952,34.342533,18.92824,5.417261,36.509834,29.285717,6.387986,34.717697,23.38392,7.4910736,1.0
19.801662,3.843429,32.269775,16.337618,4.2323265,3.2521322,13.096389,4.1840744,2.7318,7.843401,3.7151635,3.738665,6.6833305,4.997608,4.321303,1.0
17.573254,4.6963706,32.831905,17.130222,4.828045,2.5456128,12.746041,4.197998,2.2910438,6.960489,4.3165936,4.350132,6.6236925,5.4445844,5.1308017,1.0
15.192892,4.5203395,34.47361,16.147152,5.0679703,2.5830162,13.842168,4.5473866,2.088826,8.382133,5.997906,4.5115047,7.9569836,4.8950353,5.103908,1.0
16.88232,10.082412,6.3550577,36.044437,8.283996,8.268464,29.098347,5.8384657,7.992447,23.297972,13.085307,0.9173168,25.80682,14.780768,3.5805643,1.0
29.8264,6.8407845,16.240025,5.5224547,3.4922926,4.218369,4.5478525,2.8978996,3.0985837,3.6199484,1.2904379,3.4791505,4.331245,3.9038465,5.3111577,1.0
29.351942,7.593018,8.761282,7.9869494,5.712412,1.5087643,5.919916,6.02534,0.46058396,6.1997185,7.835171,3.236955,8.940459,4.368744,4.628025,1.0
26.459774,8.36204,0.44851887,7.267587,5.861692,1.9976041,5.9280143,6.654628,0.7267544,5.9093275,6.994629,2.807613,8.51476,3.895368,5.420201,1.0
24.680426,6.646159,6.5029306,5.9972153,4.9311595,1.9759941,4.963355,6.0056634,0.99073166,4.4087114,7.2618036,2.7179801,7.1027875,2.850656,5.171972,1.0
23.117702,5.719492,3.301407,7.9791036,4.6763,2.0775502,5.0764236,5.927613,1.2309718,3.7708137,7.441353,3.3831677,4.951965,3.7202866,5.2790523,1.0
25.76227,6.46834,3.8399124,7.66572,5.0406766,0.9512405,5.7641134,6.3388643,0.9533021,5.127351,6.394915,3.1515546,8.139237,4.77714,5.902298,1.0
22.826767,3.5325453,3.4698656,11.936573,6.4407134,3.865238,6.12421,7.092099,2.3920758,3.8022726,6.1729813,2.5983932,4.13204,9.874257,4.2005157,1.0
21.092611,2.7021759,7.2939,9.5306,5.838022,3.8180885,5.0820255,6.5979924,2.5234814,2.767152,6.5593195,3.884454,3.7853,7.6416574,5.601831,1.0
18.6981,2.8886442,10.381127,13.617567,17.491558,12.19595,13.368078,45.93398,16.34459,11.106349,31.643208,10.698727,5.59299,15.301904,8.850014,1.0
20.423712,5.918018,3.1047564,10.854091,17.452997,20.8053,6.6711745,46.8126,12.087619,5.3255415,48.958073,17.026682,9.333213,34.526573,20.24836,1.0
23.457647,12.611968,20.28443,31.642809,5.0732336,6.9466867,38.64373,12.39362,3.3888586,36.265812,15.867471,5.0141506,36.325363,20.313816,5.8462524,1.0
21.097067,1.820272,37.666603,23.098404,3.7159622,2.5029106,26.353601,5.175298,3.3804288,25.674007,5.668766,2.7054298,21.142899,6.2910266,5.002103,1.0
21.497887,2.39465,29.735813,22.865807,5.0418677,2.469136,23.527061,5.541251,1.4846458,22.029123,5.567874,2.0584059,19.716175,5.030434,3.3054154,1.0
13.8497715,4.636956,39.832207,21.67547,6.317536,3.4434853,23.87702,9.430688,4.0042005,17.699009,14.344192,6.9211135,10.777686,11.574783,9.622813,1.0
13.512548,6.116012,16.438906,56.79468,31.033152,14.7163,56.230038,38.13845,14.170265,50.51527,17.798237,15.876953,32.95576,16.35395,3.1545894,1.0
33.502678,5.925102,12.459583,7.005393,4.5332026,2.6067402,5.2930346,4.2969666,2.5524743,5.516616,3.2653992,3.4061801,7.8844523,2.4487062,6.038804,1.0
37.35572,10.706573,12.626868,6.172135,5.790032,2.6142821,5.0595274,5.178185,1.8822316,6.5088735,5.985799,2.762578,9.036486,1.2556815,5.107611,1.0
29.812664,6.569029,6.7808266,6.077039,5.4060607,3.3336792,4.249747,6.1074634,2.6784618,5.3298683,7.662601,2.2350585,7.6247735,3.5749402,5.445623,1.0
29.684805,6.1996965,6.5190444,8.058147,5.0665703,2.049659,5.572094,7.4022994,0.9381898,4.375752,7.3527017,2.764735,10.020617,5.120815,5.847849,1.0
17.753763,30.500294,14.901137,17.508453,34.672184,17.01797,22.62138,33.546406,12.763274,14.7931,33.511833,11.303243,10.710329,34.049393,13.062141,1.0
16.896893,28.188322,15.419286,20.929745,29.977293,15.484169,26.205967,28.647963,11.265552,18.216902,29.61518,10.422578,9.910483,32.42123,13.25302,1.0
18.891838,26.915834,13.037829,21.863417,29.732803,15.345537,29.706242,25.96148,10.148812,24.554787,24.132862,8.27351,19.080502,23.863691,10.236121,1.0
25.748175,11.773929,5.016618,12.724092,8.199323,5.6168137,8.013657,7.695083,2.0354621,7.807894,2.7391932,3.486456,9.005128,4.15176,2.8746505,1.0
30.214771,11.552968,7.491888,10.842502,8.106886,4.3277187,6.677266,7.513145,2.2074885,7.382376,3.5033646,3.9499457,10.005403,3.9692774,2.6777728,1.0
30.881886,10.208831,8.168535,11.634348,8.226545,4.34329,7.556687,7.3309207,2.8354163,7.601987,3.048298,4.037525,9.142644,4.679882,3.0309303,1.0
24.812891,6.7757297,12.257381,12.184543,9.524312,4.2158504,7.452641,7.7677927,3.8881345,7.8982463,5.02869,4.821259,8.109999,5.332814,3.2911565,1.0
19.262186,4.644467,3.387491,13.721525,23.504705,15.712796,13.138697,23.846895,15.0613,7.8805656,15.661203,16.427423,2.0648093,11.990603,13.388725,1.0
16.63495,3.7771754,2.2985148,15.731403,31.668453,25.611599,16.569052,35.1772,25.994678,8.58983,22.562601,29.659243,3.2467782,11.684513,20.956553,1.0
20.275116,4.8868484,9.038758,14.101083,20.353605,15.96666,12.513086,21.574018,16.044514,7.154708,15.461315,16.21615,1.3055025,14.139742,14.652518,1.0
22.956352,3.0851,11.945791,11.084719,7.6186166,5.078169,5.575899,8.586516,6.4158435,5.4111915,7.2973604,6.5873575,6.92331,9.044603,5.6741204,1.0
28.650059,3.8474324,16.149256,12.526095,14.082342,4.9066143,7.5740747,9.276344,4.433699,7.4038053,7.415821,4.4842257,12.197974,7.3140492,2.9960034,1.0
30.364529,4.5493374,5.632013,12.712463,13.924812,7.2738056,12.775788,16.956888,6.515561,11.505227,16.39908,5.515068,7.619212,7.7087626,3.2453713,1.0
19.736603,4.1489024,10.387905,15.741384,6.6215158,7.0397897,10.991877,7.2923346,5.2493,11.558914,3.656538,3.5217135,21.04571,4.002093,2.4391568,1.0
20.690107,9.085191,11.529468,11.793388,3.6621766,3.1990526,6.112388,3.283701,2.6629705,6.208069,1.999704,1.8534725,15.94293,3.3823712,2.4972856,1.0
20.26351,7.1296797,9.005869,7.4583554,2.4145958,1.6296699,6.1732297,2.5018725,0.7739928,13.064162,4.0807095,1.4285629,19.308151,3.7203262,3.4109325,1.0
18.603476,4.1798377,6.741347,19.607174,7.9010305,6.84764,14.433339,7.341515,6.3049903,8.7281685,4.3071833,5.0113606,10.431827,4.536942,4.1240997,1.0
32.93358,3.9380622,2.8830976,13.527574,12.971838,5.7161617,10.039359,10.223274,3.6449072,5.4844565,10.559792,4.429173,4.1727705,11.080638,6.0868,1.0
29.729092,6.783538,15.46808,8.834131,6.4777894,3.4255943,5.460289,5.9235935,1.7297153,3.8279953,3.7525837,3.388765,5.515398,4.933619,2.184545,1.0
28.459795,8.64034,15.976721,8.503033,5.8826694,3.6474252,4.885632,4.8908386,1.4615507,3.3180737,1.8391297,3.0234904,5.926121,5.916121,2.392372,1.0
28.911293,8.4488325,9.589866,8.265599,5.352524,4.7267933,4.5727515,4.473972,1.8698598,4.1988864,0.70435977,2.3985853,5.9036465,4.680084,2.0575197,1.0
30.297981,9.09848,7.4240026,7.4163346,4.459111,5.191544,3.974978,3.7146327,2.6010923,4.2772346,0.23116867,3.1948066,6.4598703,4.8616443,3.5278208,1.0
25.785053,4.65348,4.152047,15.288127,1.4799246,4.6958275,13.554572,1.0543877,4.917126,16.081684,7.569314,8.220007,14.625668,15.837936,10.846421,1.0
34.79439,8.321885,1.6455222,31.465487,5.27849,11.668991,20.396477,5.237864,7.6142974,11.558429,4.0073028,15.0760355,2.3116274,23.350752,15.689298,1.0
22.471502,9.993974,10.631786,29.648909,9.402724,30.045525,18.202232,16.791948,8.703678,20.320887,20.954632,1.8194401,19.014357,19.902334,6.3809013,1.0
4.997447,17.760382,15.855644,25.072805,8.637064,25.198261,20.636963,4.870708,13.463868,13.180516,15.407117,17.05939,9.563478,34.484333,15.598953,1.0
24.535954,4.476623,9.491146,5.695692,1.5525097,3.5668082,1.9129467,0.5052379,3.9177964,3.0260828,3.61463,6.00877,5.497728,11.223155,8.532716,1.0
24.55725,3.1200936,7.355062,7.748175,2.6054807,4.078716,3.6107292,2.7282412,3.802834,1.2252799,3.7666986,4.64732,6.8107624,9.549937,5.0154824,1.0
27.053596,5.388871,12.69473,9.093634,6.561389,3.0262344,4.807882,4.633401,1.7055926,2.8115013,2.89533,2.8356638,5.949261,4.6847744,2.1418304,1.0
26.981815,4.269989,12.062265,9.936864,7.574088,2.2016659,6.050716,6.451817,0.8054293,6.078294,4.743557,2.029156,5.189071,4.550096,2.631839,1.0
25.812235,9.97848,7.961977,13.125534,6.614359,4.5439186,7.980747,6.563349,1.7841275,8.349172,0.620604,2.3460295,8.403036,6.1153426,1.950559,1.0
28.146677,9.7866335,5.644941,11.84449,8.4564495,3.3741996,7.71648,10.753796,1.5740223,8.872207,4.982979,0.4249101,8.872729,2.3276572,1.1115011,1.0
33.068417,15.569336,9.601668,12.83043,7.7071915,3.7186003,7.438719,8.786342,2.0853813,8.301206,3.2486048,0.9944853,8.640054,4.7209063,0.1818003,1.0
23.138987,2.6906493,6.259641,10.036099,8.428825,2.3089738,5.0800242,6.642648,1.119733,5.159966,4.0392294,1.8260127,8.723167,4.538304,2.2297492,1.0
15.492011,8.412681,8.390133,15.931345,1.9760028,1.9151533,14.41492,1.7904087,0.6255174,13.757312,1.607303,1.2721621,15.352508,2.3794255,1.3339953,1.0
23.884111,5.066397,12.84055,10.258919,8.08457,2.174599,6.935501,7.5040374,0.62691355,6.8655047,4.4741607,1.5422276,7.2104445,4.4358892,1.8400599,1.0
24.746996,4.2369194,2.2642732,10.500388,8.623907,1.8226334,5.819041,6.7899704,1.6180345,6.031627,5.060104,2.3710885,9.564638,4.097848,1.5908732,1.0
24.265265,2.3681564,10.931404,11.986488,10.337677,3.0839336,8.121235,8.340991,3.2958922,5.250072,7.553119,3.6047494,4.481023,6.5449715,2.2183542,1.0
28.866854,4.580819,5.554219,9.774675,6.405069,0.5305355,8.573349,7.272218,2.0329266,7.948089,10.087445,1.7530674,7.5720572,9.891299,3.5529723,1.0
28.03864,11.420576,0.8178243,12.316609,9.280518,2.484358,6.3721976,8.003265,1.8527412,6.827242,4.2442937,1.725888,12.485325,6.974528,3.199997,1.0
19.494556,4.796723,3.9034207,11.254373,8.380542,3.1191707,6.439908,6.270767,0.69352734,5.123329,2.9175858,1.2303861,5.5882697,5.213609,2.093758,1.0
19.405148,5.5073614,4.060557,15.113856,10.852382,4.5035777,8.005155,7.5447536,1.9330386,7.5875025,6.101291,2.1192493,9.604831,9.975847,5.3067217,1.0
19.835083,8.245236,5.73658,9.535931,6.150177,3.6830935,5.533634,6.255477,1.5483532,6.0500097,2.1258125,2.7063158,9.669504,4.643802,1.7509745,1.0
28.936403,3.4919477,13.2846775,10.020079,7.139583,3.7201276,6.028523,6.701029,1.3084596,6.131469,5.689052,2.5784135,6.304523,5.361414,2.6828568,1.0
32.295036,2.908249,14.966752,12.278961,11.976367,1.4192135,7.1084385,12.610691,2.407028,6.7987375,12.455653,2.6694803,7.9211526,5.3445654,1.4381958,1.0
24.613934,5.5540586,6.2782645,9.806419,6.0020304,2.8414152,5.9868903,6.047212,2.2578342,5.008932,1.7564844,3.4874423,6.4377227,5.639654,3.182916,1.0
18.983133,10.917237,3.4249966,10.275307,5.9815245,3.6387208,7.072047,6.4936504,1.9055556,5.318376,1.5773324,2.5735383,7.2215943,6.1099396,1.30364,1.0
14.760661,28.453346,9.375003,27.912441,16.774054,8.776737,35.435497,16.430218,4.337431,32.195217,20.083826,4.379692,25.801622,22.333517,9.015143,1.0
27.282438,42.802616,33.35903,18.637705,4.1889973,7.6254725,51.952442,117.43629,14.355926,56.514793,124.05098,37.063515,34.573387,143.22928,26.505003,3.0
26.102726,41.120102,84.21158,13.876052,1.8641917,6.8375845,44.322285,122.72938,29.348387,68.96012,109.123276,47.124306,73.06423,105.57168,45.823864,3.0
16.53211,23.654055,78.954666,17.620926,1.3787655,6.883191,117.91471,54.96148,37.4881,131.92868,57.633656,46.569168,134.40715,56.315228,47.877914,3.0
16.177847,10.380804,71.51099,42.057858,9.274663,7.9852624,103.08749,66.60056,65.345345,116.95264,65.63411,71.97723,122.01262,54.462337,75.231895,3.0
14.318247,56.633503,53.712986,66.84631,19.051085,37.33338,142.6306,22.143951,134.97878,148.72523,36.793026,110.24015,142.88452,26.630306,118.05441,3.0
22.601809,106.51832,20.773922,63.53446,48.916958,19.845509,144.59212,23.549105,140.22864,145.91678,50.541687,102.22463,133.5173,33.55604,122.508415,3.0
4.91795,35.249096,58.33392,86.578125,1.5889108,23.799889,133.39848,40.202076,123.3987,140.55928,56.435375,114.20399,138.30032,52.45472,119.50146,3.0
42.922905,56.492413,29.546227,61.977337,14.980845,19.485905,83.96368,76.59382,47.76789,63.05971,88.23563,49.33573,29.687801,121.39172,33.85747,3.0
10.730993,12.237236,3.6304092,30.226408,12.160613,9.558468,85.79613,60.981937,44.796463,93.5714,59.539165,45.243492,99.68786,59.57931,51.87307,3.0
17.997665,9.760764,66.9679,58.30298,9.332783,8.159817,102.27486,63.63461,79.69853,111.54052,70.36943,85.39882,111.12432,61.109196,86.206696,3.0
9.964495,9.725897,56.984703,72.3845,13.959799,7.1116657,118.877174,48.40129,75.49778,127.027084,55.494076,87.378685,128.68349,48.72166,99.10411,3.0
21.800234,31.1492,71.55788,68.111595,89.23423,3.3117175,133.11198,24.57849,5.893969,126.635445,35.94488,17.547493,97.81015,59.260124,21.515148,3.0
15.236602,111.89102,16.989779,90.99971,13.131056,8.1600895,143.38521,17.28209,67.85283,142.91545,45.8601,102.37473,128.89816,34.70926,113.176605,3.0
46.400036,66.19576,48.70414,42.720085,12.380317,10.933457,68.063,108.30381,46.533833,55.285824,119.017876,39.3715,41.514538,114.32624,38.32506,3.0
42.055256,44.106056,19.745419,33.934452,6.1321363,2.5964136,30.071302,105.83511,49.188263,18.484735,164.32864,16.969154,6.6135874,175.24329,14.322023,3.0
38.00465,32.2488,6.5845685,20.344496,22.32253,14.958423,11.031841,22.12591,15.412071,20.878855,18.855898,12.256533,23.860245,14.013175,16.450867,3.0
10.24968,14.019205,72.15644,66.99762,11.012943,15.066221,126.64351,51.451546,94.319664,137.49178,56.98668,100.18931,135.49345,52.81834,107.54235,3.0
5.327438,23.812325,79.499084,68.00732,2.1163256,17.366568,129.82808,49.73468,92.00655,142.2113,53.10666,110.67964,140.16881,47.849106,120.00413,3.0
20.362068,73.96137,43.448864,32.956898,5.0612755,5.997314,118.424576,38.764206,7.7351055,143.89778,30.769016,26.606337,141.18492,27.847134,39.66136,3.0
32.843483,72.38047,22.256613,32.258858,4.5112467,5.238156,125.03453,39.209003,13.61233,134.80434,45.422054,52.623817,131.30743,41.832996,48.239418,3.0
28.418863,53.384003,60.6189,18.838919,4.507675,3.9247375,129.47974,37.30611,19.711725,149.91885,31.660465,29.90932,149.897,28.480673,15.932885,3.0
22.479677,20.975834,89.03932,22.364895,0.49836633,8.607307,110.0273,60.548515,38.8492,127.03148,53.384083,49.164925,129.92207,42.2331,31.352882,3.0
22.313076,16.90886,72.24897,20.897917,1.7392682,7.6510544,95.23144,77.936714,50.986553,117.24525,68.4113,65.996864,122.50178,59.96151,58.401802,3.0
21.238111,24.455257,80.5233,14.422134,2.162081,7.400509,88.54509,79.146454,28.73285,118.84245,59.87672,40.986538,125.86361,50.9324,35.896164,3.0
24.347408,26.567417,76.77587,10.130839,1.1019409,4.0973988,75.982895,86.59208,24.819046,87.19272,87.86367,39.900826,35.538906,113.447296,56.983006,3.0
15.052574,16.972605,79.75561,18.891487,3.6049366,9.955367,80.909836,90.07015,39.806427,109.924446,72.38092,58.99174,119.83143,61.0565,57.32618,3.0
16.615995,17.764193,79.49088,19.953001,2.899853,3.7240171,94.68462,72.11942,32.059345,116.99307,61.603855,50.49429,124.54827,49.609795,40.389885,3.0
25.848856,17.680605,63.190865,25.849564,1.1343807,7.385234,95.32689,70.86555,48.532734,113.98821,65.18797,62.40667,120.50137,53.87263,55.476215,3.0
24.097446,16.791983,74.314095,29.292452,1.692218,5.332832,106.153076,65.08504,59.10664,122.42112,61.81169,71.2875,129.27608,50.100163,68.26547,3.0
20.555195,27.283764,97.45783,29.897863,3.1180985,6.6915283,125.77464,44.725998,38.871284,140.69615,42.38157,58.18392,146.614,31.58226,48.318535,3.0
27.265488,81.12321,44.382442,30.50496,4.430866,4.5361586,147.79549,16.786829,9.463381,154.50844,28.110575,58.81935,148.68794,26.095894,53.69046,3.0
30.04581,95.57571,12.438646,37.569603,20.793903,15.501912,136.1272,38.187004,39.488544,133.0834,49.00812,78.896,122.93215,45.010555,65.13611,3.0
40.931015,45.069557,8.401252,46.379265,5.2418156,4.2857614,80.40028,73.7689,30.578087,76.49604,84.95452,41.385715,56.828773,96.29712,44.658833,3.0
41.564278,35.205605,14.978099,49.48307,3.7622406,4.6760845,84.48322,93.2281,40.86703,78.70925,101.36847,49.879734,64.48237,111.40324,44.460274,3.0
38.6924,23.958319,10.541892,50.132565,3.605952,5.728427,65.92249,66.99226,49.179466,59.759525,77.55168,55.673634,45.80318,68.69552,69.84048,3.0
41.931953,10.573871,1.5213671,51.66103,1.9381065,10.936547,78.89999,74.5481,59.67094,76.573135,86.81164,55.959305,68.7426,76.0969,60.72538,3.0
36.566643,37.081963,20.50357,23.927328,11.80458,11.7418785,14.542646,42.38921,31.31784,28.312244,52.32886,26.032692,43.46198,42.578716,22.425224,3.0
10.787347,23.262167,6.533262,51.75394,4.6682463,4.407792,78.45459,94.82587,68.070595,68.19811,131.47389,48.611187,53.895287,143.37991,40.25991,3.0
11.178143,26.186777,29.868418,45.801056,4.126561,3.726136,72.43025,78.680244,75.52426,66.60941,111.65551,59.82739,51.35526,125.51965,49.04107,3.0
24.904081,7.2615275,19.411327,44.124504,5.5343323,5.759366,78.111145,67.756645,66.75186,79.664444,75.38333,77.64316,69.41828,69.78656,74.65448,3.0
29.476877,8.5928755,5.5624676,40.349167,6.5845623,6.3476725,79.74222,73.556244,55.50929,84.4619,81.08839,57.114716,77.73955,75.62005,59.13025,3.0
29.340298,10.133869,7.1035643,42.53788,3.0426002,8.685299,81.26732,80.504776,67.37962,82.98729,90.452934,66.50413,73.53269,90.54284,58.586315,3.0
26.326235,11.758904,7.8657756,41.590214,8.222881,4.433825,93.46482,67.69824,45.971447,95.546814,72.09613,45.484615,87.373146,61.365883,45.274586,3.0
31.610468,10.557712,25.33593,39.882607,2.6039822,7.804247,96.60423,67.0498,63.503082,99.38045,73.541016,61.145233,89.218666,69.230515,50.488956,3.0
31.38411,9.3249,5.3770576,41.839558,3.3953166,7.1206613,95.41561,73.423294,53.499184,101.781395,77.78314,53.937653,94.096634,74.48291,50.803226,3.0
31.523972,10.067707,4.5747576,32.74817,2.7694852,1.1434017,92.05519,80.80136,56.777313,101.1931,82.85178,59.59901,95.49894,81.88375,53.46501,3.0
19.095728,16.486042,45.08143,25.008732,1.2693073,5.846918,91.08196,83.05482,47.757534,106.81702,79.62545,52.554646,109.546,72.88832,46.373165,3.0
15.652173,29.442213,70.911644,17.476276,1.2344059,4.834418,81.94522,88.9273,35.238026,102.332214,81.07785,41.06356,105.56621,77.22385,38.695293,3.0
21.306025,36.4158,50.207943,15.343099,2.7437603,5.3661156,41.339043,125.052055,14.174859,51.032436,127.639755,19.829031,27.678701,150.17021,16.434412,3.0
23.4988,5.9436564,7.8265,19.129103,4.8079557,3.0994158,11.395259,10.310118,2.4325309,22.572382,12.35793,7.227577,34.32037,10.426241,8.666781,3.0
21.18444,38.19118,39.743076,16.359272,4.1390734,5.980875,43.65739,126.50265,18.922401,46.852043,133.42886,25.50237,18.769054,163.21033,17.698166,3.0
17.273336,46.35176,47.88693,15.862317,3.8304913,4.6055818,48.69113,123.045784,13.263914,45.9464,135.78752,17.945402,9.74266,173.98865,10.546222,3.0
18.35763,33.431835,50.216885,12.867936,3.724046,5.243527,36.666725,126.89937,18.504084,58.834705,117.91579,25.421059,50.007168,122.72301,25.782188,3.0
16.124796,28.785938,65.2429,16.310555,1.1452706,7.1223702,72.6606,92.38137,28.45637,102.292854,77.91572,46.582993,110.673386,71.63804,48.54771,3.0
14.291612,26.989885,61.39137,15.351176,1.5417491,6.739351,78.466606,88.75591,32.36446,103.32703,77.87729,45.514458,107.169426,74.25163,39.9699,3.0
18.760084,39.587303,57.716732,16.697622,3.8970768,5.515199,73.88645,93.03166,33.621788,92.42149,87.9684,41.90447,99.27893,83.81997,42.90118,3.0
14.695549,13.307957,31.358852,19.253666,4.7010527,2.9252155,91.42709,79.38422,39.765522,94.880394,86.59112,39.264816,83.8841,86.1974,31.684135,3.0
18.713888,46.150402,50.155487,16.328241,4.277818,4.1769867,42.983006,124.259865,13.809535,44.07497,136.34361,13.40623,13.397845,169.59439,9.468221,3.0
27.418118,43.772675,21.371758,16.720947,13.973591,14.689113,60.212486,100.08939,12.187287,79.01417,97.638214,13.462771,48.070187,119.96332,13.359265,3.0
27.418118,43.772675,21.371758,16.720947,13.973591,14.689113,60.212486,100.08939,12.187287,79.01417,97.638214,13.462771,48.070187,119.96332,13.359265,3.0
19.180582,10.724839,28.432072,29.02923,3.9991262,4.840436,95.24789,71.29486,53.07278,110.37976,69.278206,69.345436,113.84407,59.819195,65.34244,3.0
20.19008,44.264378,43.795895,29.913109,4.8180285,6.257661,83.38314,72.55077,44.624287,67.75551,92.00115,37.61915,41.985405,103.833405,27.06859,3.0
23.6037,57.816353,34.2855,18.192833,9.261758,8.2078495,58.34888,114.78505,15.110703,56.259117,126.911995,19.318258,19.535883,167.44086,17.0494,3.0
18.382814,41.604492,47.879482,16.112123,4.3404627,4.8602424,33.93917,133.74356,15.336546,37.745953,141.74765,17.446774,15.730365,167.43893,10.914079,3.0
15.668475,34.958588,27.517216,20.542864,3.0908349,3.079311,56.860588,115.37198,22.621937,52.83713,131.44957,21.05094,13.912566,176.37297,10.257362,3.0
24.063059,24.869732,17.632921,20.656015,1.5840774,5.134976,57.387657,93.79924,26.975138,80.65131,91.80265,32.806404,87.56569,86.50246,36.73216,3.0
18.8769,35.701557,46.456867,20.677723,5.5249023,3.2994034,131.2167,26.765207,10.807171,147.38126,29.988451,14.772303,150.44287,23.942142,16.23756,3.0
10.837605,36.4088,82.569756,114.6431,34.409416,116.36529,139.68793,24.87885,156.15184,146.44582,62.02223,106.81745,140.69214,50.237267,115.19199,3.0
11.993931,28.214314,13.217923,97.48118,9.509203,4.801898,113.124,6.7830334,7.038154,121.41126,25.758717,72.47016,114.94484,44.27701,104.90405,3.0
38.542286,17.144604,13.226544,23.852312,3.3852296,4.758717,13.986597,159.18712,13.779311,14.37276,155.48997,16.476368,30.213009,151.27415,21.856012,3.0
36.36908,20.142834,13.9623995,27.126783,11.498653,8.179348,17.008787,164.42398,7.4346423,10.745204,163.94048,10.266845,24.98753,165.89442,10.013008,3.0
43.1331,43.01522,19.73675,15.71283,22.714933,15.373078,31.097689,24.49127,14.71507,41.429077,24.744894,16.366348,43.11861,20.646414,15.689723,3.0
34.354717,18.159311,5.3831167,40.15972,23.078817,53.263195,22.13938,113.61735,55.749023,34.01052,120.70736,47.42049,44.470528,118.53013,48.60689,3.0
21.06754,8.677755,7.750832,40.293156,6.0629225,4.997539,28.875195,33.72681,81.96474,24.239061,57.379597,82.56835,28.16678,67.86899,82.68084,3.0
22.24927,26.715538,22.13334,25.976011,3.7929113,2.6112015,30.198158,0.39925388,4.0411515,10.096987,15.4966755,4.131981,29.845766,24.083054,4.2482514,3.0
5.7890735,4.8581176,6.7626143,56.031418,6.6739326,7.0371265,95.98507,24.933691,22.060087,110.222824,36.984512,32.260426,112.399994,31.97063,31.917978,3.0
12.193135,7.0937095,12.567561,21.606834,19.605165,9.513797,75.11809,94.12087,49.26647,74.14182,106.666954,43.561348,64.78329,108.3066,36.868176,3.0
16.811035,9.554342,6.1212687,21.84273,7.0676627,2.770818,90.484024,26.419786,5.8631034,103.83339,92.372444,52.079754,100.84387,96.17324,54.292328,3.0
15.21638,17.233,6.8157434,15.184182,0.57171893,2.4848418,84.13275,39.53082,15.608181,113.45025,54.26,22.67684,122.16001,45.60277,30.386745,3.0
8.444348,12.324395,6.6480975,50.919765,53.568123,24.482006,106.87198,33.741932,56.962307,113.527985,50.903343,126.15934,112.44203,37.204704,125.280655,3.0
17.038658,9.897946,23.684874,10.423207,1.9128122,2.8785677,75.133934,67.77503,29.845987,107.39108,49.849144,30.623978,117.04827,32.87479,18.572065,3.0
14.139006,23.379492,58.421005,13.2769,7.2713428,1.901321,69.461624,68.97716,20.116158,99.29272,66.968636,18.167799,108.85113,45.13764,20.269485,3.0
14.004023,18.118168,71.59588,16.756176,2.0737598,7.167856,48.89521,105.76319,23.76058,71.77085,101.18498,30.008902,81.49179,92.49014,34.962765,3.0
9.951432,10.661607,87.138954,15.81367,2.6854389,6.1532383,64.34505,94.391556,33.64922,88.75808,93.281906,40.065125,97.12662,78.24594,44.918964,3.0
17.606314,14.799767,12.830392,14.726941,2.9371688,2.676284,53.498123,66.82525,24.251236,77.95763,65.99713,26.147749,85.824554,49.30914,28.867731,3.0
13.649135,19.92875,67.8783,14.610045,1.4039291,6.781522,26.279161,118.97076,31.762762,30.967815,129.45341,33.783512,33.94121,110.9091,44.46133,3.0
14.624145,19.610294,62.33467,16.548029,0.8504703,8.492197,29.803705,135.78447,25.192406,38.252304,137.85162,32.78744,44.695232,128.51776,34.092808,3.0
15.368053,18.490326,77.054726,15.939885,4.945531,8.328258,35.809093,121.86941,41.469418,47.125877,126.683716,50.551434,57.319046,115.14439,46.85219,3.0
16.721052,24.845154,31.267073,12.747812,5.333597,2.2155113,77.40193,54.159706,17.249275,106.99389,50.887188,16.890684,116.3419,37.57577,18.77038,3.0
13.332407,13.543123,90.00091,12.405047,4.3081255,1.750272,46.241974,83.64807,19.425161,94.75363,49.41819,14.1952915,111.45346,34.335953,9.025796,3.0
14.154099,17.068394,17.301704,11.650481,1.2022264,2.1267395,34.441143,56.30895,27.635702,28.376932,60.55247,26.780077,16.197096,41.61533,19.750078,3.0
47.697865,30.073616,1.5032774,18.387024,19.570929,16.507614,16.117071,24.740633,22.53807,37.48276,27.50259,14.242343,49.161854,22.561602,13.810027,3.0
19.484438,16.423685,2.481502,43.68415,35.299282,41.87758,96.81534,12.22504,14.501213,104.0242,23.141254,23.738325,106.42107,25.94207,32.91524,3.0
6.257775,6.903505,4.5000863,67.97968,18.81119,6.200559,68.7281,15.209975,22.227648,58.90254,16.545544,6.16763,52.15481,19.376478,2.542299,3.0
15.470606,26.45988,68.68054,8.950005,3.1454191,3.2958615,22.375822,125.365685,29.60026,36.26955,127.590965,31.175573,49.306652,110.92169,40.95366,3.0
19.085884,27.610222,78.521484,17.58673,0.56275934,8.727387,37.998863,124.888214,36.756924,65.6417,114.0678,57.402004,82.86429,99.33477,55.69473,3.0
21.078926,52.836884,48.17701,16.786493,3.1654358,5.085315,46.80554,111.92138,17.866264,63.325394,112.43581,30.747282,59.37417,110.351234,23.189888,3.0
10.843527,64.69687,60.287247,117.21546,29.929363,106.26362,144.61519,31.896542,145.0876,148.50357,78.567764,84.58232,136.11488,54.305218,111.57619,3.0
24.15853,17.085302,8.199571,80.89686,6.791496,28.306572,140.39601,23.738888,139.1043,147.56795,37.194027,128.02821,142.25781,20.73523,153.02274,3.0
7.4548607,38.54723,14.208511,80.42528,31.609175,17.16998,115.770035,77.672615,87.88211,118.58081,122.896614,56.890007,105.68843,131.16876,51.9033,3.0
22.476507,7.6474624,8.74666,49.070652,2.2202246,6.1827574,122.61736,50.429768,64.63922,132.64885,53.922726,68.83495,135.34091,53.800926,69.51997,3.0
4.853568,41.31961,50.80404,41.649776,66.03874,22.712868,96.87381,61.226482,10.922601,120.34469,44.559998,16.814508,116.27276,40.190445,19.743761,3.0
16.718075,8.82232,48.08638,94.46784,29.044037,21.819214,139.89189,54.69922,106.32417,148.2736,115.17236,58.803257,142.66803,155.11154,27.32194,3.0
2.7068267,77.56751,37.04989,67.34888,20.145527,10.531834,149.49957,3.4799917,42.795555,153.63184,39.06264,112.9651,139.73163,30.77231,118.60232,3.0
28.857689,100.93506,15.983615,63.142857,5.811487,24.181322,136.91154,27.029194,72.597755,131.67078,43.19669,98.211876,119.89019,38.304527,85.22785,3.0
58.810654,42.526978,14.737504,83.11404,40.310585,71.819374,82.3568,89.41912,50.59243,66.83948,107.82498,42.757935,55.636032,107.82234,38.509335,3.0
38.86086,52.443005,9.320014,17.540525,11.489195,6.8060555,44.812244,126.04463,44.382328,72.44454,109.67167,51.081745,86.19271,86.91707,52.258244,3.0
34.75244,87.03246,12.225527,41.250053,7.4427767,10.579911,121.82968,54.284172,78.467476,117.10302,64.28406,87.59081,109.94091,51.454514,62.69431,3.0
27.91253,74.74837,29.269829,33.47178,8.20985,7.689475,38.307888,122.35339,11.132551,52.160057,115.80757,16.001451,49.69151,110.602196,17.626984,3.0
6.678534,70.3064,60.432137,46.88543,6.4707303,10.7404175,147.7959,4.4816685,99.168724,150.03693,35.53796,100.94794,133.64507,29.639057,91.651115,3.0
10.281874,60.468014,52.628338,102.46125,36.424263,85.35975,142.67822,75.67643,102.45038,148.57146,142.1176,24.84688,136.32184,149.16988,21.228357,3.0
14.904658,32.96053,26.025032,82.85389,24.600103,42.971954,95.30985,80.83188,86.02277,84.92091,136.82669,44.92386,65.69184,166.74739,20.06163,3.0
13.936929,37.84839,80.786,94.08416,22.301432,76.919876,103.36042,7.551185,156.5365,90.923325,86.506676,88.534996,75.35998,82.53693,82.4939,3.0
7.3294563,55.591293,40.56885,107.31276,19.146816,97.0415,118.91545,43.530605,121.786705,111.59054,85.45395,84.57081,98.818756,62.858284,102.99567,3.0
21.633928,68.593796,11.9015465,141.96371,21.210955,62.550472,143.14035,40.974667,85.65573,143.71158,54.350613,110.31276,139.57475,43.369244,80.560425,3.0
53.946995,8.280712,7.001756,29.87965,2.8631704,8.628635,57.994343,67.52807,69.190216,58.590267,90.34464,59.23556,58.70425,80.53504,54.194374,3.0
46.644478,9.6153345,13.240622,29.858334,2.6967785,11.254221,70.20615,77.23137,60.65339,74.345535,93.47929,54.538998,74.59884,85.89195,56.37536,3.0
40.086174,12.324055,8.186084,16.775028,3.4867184,8.899004,55.063248,56.75562,51.260338,61.162975,73.458664,55.355587,61.15888,60.27965,59.199787,3.0
24.675293,27.684673,16.292204,41.91214,15.4021635,9.625587,45.088146,16.376883,10.052023,41.96559,26.11529,15.177465,40.500412,30.028084,18.41107,3.0
13.968675,18.60467,16.331028,34.573566,5.5095034,3.499743,65.08874,103.16251,59.140438,58.3727,130.22432,42.858727,45.9152,136.356,40.5911,3.0
10.802812,20.628544,22.51553,36.708485,4.5276184,7.2966285,64.34783,64.82172,68.619125,63.01028,109.88739,57.73289,48.326424,120.69593,50.5168,3.0
16.68054,23.892298,19.352121,38.148285,8.267895,6.819216,71.422264,37.521835,28.089695,73.700775,101.65261,63.05738,60.148117,107.36834,59.633823,3.0
28.872736,9.1236105,32.438347,34.27475,9.130312,7.4080305,81.66327,58.35707,67.3443,87.72549,83.45674,78.413475,78.73409,81.46328,83.436615,3.0
24.43595,10.0799465,9.773644,36.235252,5.5707536,8.144495,90.00261,65.505516,75.885345,96.54685,75.5008,77.83471,87.901596,68.139786,79.0835,3.0
24.140429,9.512402,17.720783,34.47191,8.259565,9.712814,99.19688,55.01303,74.53691,107.910164,63.647034,84.992195,104.27987,52.434555,82.54782,3.0
21.74108,10.606539,26.296467,31.609877,7.4825573,9.316034,100.84779,64.75536,70.32727,113.890175,71.12936,76.550385,111.39612,57.624226,67.1002,3.0
22.392487,8.28988,52.517723,28.77131,6.4482636,8.706589,106.32768,51.111675,53.418358,121.48421,56.10076,80.87348,125.55748,46.917843,91.741554,3.0
16.626522,9.132624,68.42951,31.956604,4.689276,9.744831,120.38069,46.171608,53.996986,135.62059,47.394474,86.563835,137.81339,37.757484,96.2053,3.0
14.081534,17.362265,91.07719,22.042278,7.5595984,8.642801,144.46742,15.869968,54.717358,152.59706,25.51978,106.09741,147.68594,21.4602,92.85063,3.0
6.0018106,57.94109,33.67132,52.585144,1.8617146,9.346615,144.63066,3.5055366,25.017721,151.44058,35.34597,95.829895,140.95464,35.02865,112.85863,3.0
5.6129117,65.45539,55.999798,82.81834,23.19792,13.235601,145.01071,17.15483,156.40332,150.92958,124.39181,38.011673,136.66055,133.46037,32.753357,3.0
4.790422,38.12059,19.353691,72.881004,25.75323,12.616696,110.303474,69.33303,94.22355,112.51667,126.45987,52.161453,97.049706,143.24855,40.4774,3.0
2.9155982,53.759438,25.5827,85.75717,20.120539,9.852134,134.25166,50.363438,101.17834,141.48622,127.24017,49.049248,134.31612,149.68341,29.618101,3.0
11.607917,43.230083,18.904272,78.09605,18.204548,9.223588,115.378296,25.911827,87.49865,117.22215,119.1909,61.02769,100.58662,127.36371,52.40721,3.0
8.007656,58.241184,55.552105,42.524525,66.72088,28.100273,78.61389,76.31185,9.497861,102.790474,62.868565,13.390553,121.81479,50.26925,11.677766,3.0
14.928599,38.17975,42.513176,28.487896,45.748,13.329025,65.40009,55.711006,109.42433,46.951946,119.58112,59.508144,38.993954,151.7153,27.146265,3.0
27.476599,27.050566,53.64419,52.656555,46.614746,112.931625,44.58599,119.49558,58.809063,33.50455,122.9454,46.83322,37.6946,98.67794,67.01654,3.0
30.265013,21.973879,48.409386,39.042065,141.22173,31.95283,29.49301,150.8794,31.38011,29.752495,141.70172,30.026466,38.734436,135.8209,34.250683,3.0
31.456121,26.903296,44.22314,39.9839,127.995056,39.773422,27.947973,142.98741,37.626625,33.608875,139.40834,32.400448,44.064972,131.86261,36.55899,3.0
35.486694,28.436502,27.110794,44.061466,87.490135,72.022865,47.76097,94.74114,68.43494,54.69326,106.630325,54.431736,57.97937,102.51528,55.416496,3.0
35.049793,27.927616,16.77357,40.524338,23.642027,14.147787,59.710575,57.951687,89.00522,59.66874,72.82031,64.81906,58.054783,67.584175,54.9921,3.0
34.09446,26.424742,13.95292,28.242058,10.275292,20.96964,47.407295,50.74097,80.68029,56.308838,67.4017,69.11809,60.514378,57.0857,70.24949,3.0
22.364788,26.733994,35.53241,31.555107,4.8087115,6.574184,58.56138,73.6676,80.900826,43.428562,144.60806,30.186678,31.970634,155.05362,21.912848,3.0
31.14959,32.70369,10.695714,49.391357,18.75334,1.9900638,52.442543,127.043915,43.89184,35.28663,155.63657,22.793335,35.22364,148.70563,23.645447,3.0
32.4219,48.30663,43.754486,69.818504,43.39902,101.95069,77.420395,35.334324,126.86809,67.04954,60.67143,98.04284,65.227196,52.871918,98.9669,3.0
5.1001554,58.88835,60.768482,76.72248,41.048527,25.465895,126.6327,29.709068,128.3418,122.82726,86.020805,75.19442,108.15989,59.78715,97.30948,3.0
10.847657,74.88749,26.46962,79.13741,11.631685,9.420551,113.39307,38.313663,89.108864,108.21107,69.53649,77.839325,94.115364,53.379097,76.399345,3.0
30.112291,27.625143,6.9092145,6.1163554,24.987194,14.043626,40.182007,18.818579,77.76846,56.606884,40.195908,49.685722,65.79196,29.5865,36.061806,3.0
36.712597,33.79541,8.246389,20.667389,14.417113,8.708761,33.28789,26.509491,19.469788,38.577568,35.651123,18.861282,41.664486,34.499397,17.99371,3.0
19.58614,30.895922,77.03045,15.41205,0.5133157,5.824659,104.75851,56.908375,16.015055,134.83073,42.980637,37.994022,141.31583,33.194546,37.011425,3.0
17.342752,30.192106,84.92579,13.491266,0.6142872,3.8855357,109.86283,52.04585,10.853691,138.13882,39.047787,29.71051,142.98705,30.744717,28.380163,3.0
21.558102,21.978235,94.68452,10.965719,3.6777852,4.4435515,101.218735,62.79994,16.82588,130.239,46.70308,27.344585,134.80348,34.072144,19.012102,3.0
18.108986,35.78606,81.94966,13.760682,2.7129064,7.3699613,6.232926,5.5286922,8.483778,102.01497,63.83592,19.144283,124.73832,49.931385,15.8717,3.0
18.116816,42.537968,51.51133,14.096859,3.1342762,4.124967,94.16999,70.17957,12.589115,117.44481,60.47082,18.135624,118.80888,60.12913,19.196787,3.0
22.812439,48.090054,38.339317,15.953469,4.323645,5.3354855,66.862915,99.19861,15.823458,71.93995,106.21909,26.294088,34.1668,145.47824,22.15701,3.0
18.438456,48.503525,32.795,15.719963,2.8310308,5.397421,77.30305,91.05728,17.245295,82.43921,98.00168,25.442337,52.23895,128.63033,20.622786,3.0
18.612196,49.617485,25.405336,15.853747,3.2897317,6.1683154,69.98136,99.281944,18.44425,78.50217,101.09555,27.422863,45.81104,134.27725,22.53564,3.0
19.367275,51.53977,24.66189,16.670933,2.9394739,6.2989874,84.7966,84.94676,21.424809,95.330086,86.16947,33.290283,74.96312,104.31927,32.638985,3.0
20.913387,57.675335,19.690521,16.096386,6.0696054,5.932992,85.86028,82.41154,27.741135,85.4003,91.95993,39.87275,56.79545,116.57477,48.428974,3.0
19.366255,65.87665,23.39916,16.090864,5.783097,6.393805,99.70627,66.55799,31.148039,94.6233,81.373,39.229233,67.56136,100.91358,37.25037,3.0
17.86676,64.736664,48.55069,16.810207,1.1990764,3.6889036,137.59648,28.785051,7.2547054,145.16408,35.632545,22.321466,137.26303,37.230614,28.428083,3.0
21.485075,28.470331,85.8672,14.362542,2.398859,4.8421903,131.33218,30.632568,13.841528,146.5579,32.1663,30.151144,147.00337,26.694057,23.28651,3.0
21.46592,15.4575,55.247456,14.20486,2.0497854,6.7750564,126.97382,35.998135,24.524704,142.15407,36.27137,44.24457,143.55794,27.437607,36.45762,3.0
18.42748,6.286908,58.90271,17.686378,3.8111947,7.2167377,106.753395,58.32807,56.21388,126.134056,56.596527,75.81096,129.31213,46.370014,84.47512,3.0
22.010635,6.9018803,79.36968,20.620575,4.329467,7.2909327,97.948,58.97909,51.297783,112.25787,61.372295,75.96417,112.74019,45.37279,78.32449,3.0
37.628193,18.29684,12.185462,32.564186,2.9197195,1.871716,32.765358,165.79686,10.592843,23.923811,158.94377,11.909262,29.502853,160.80939,12.717111,3.0
36.519787,23.565384,17.345633,34.768093,9.784027,2.372507,30.070808,167.1785,5.405202,23.269188,161.55199,12.121666,33.489334,158.71901,16.848276,3.0
40.99117,25.576096,24.913757,44.087708,11.124253,138.07375,29.269852,137.39502,41.441727,28.084244,133.3113,38.45314,38.700073,128.88298,41.42882,3.0
50.425407,29.16842,29.053707,49.147346,13.120481,52.470276,45.917034,73.6818,96.03104,51.217228,95.69803,61.622047,55.26252,93.89858,61.35854,3.0
38.250034,22.874203,21.284449,48.035683,104.36629,57.837833,52.75756,113.50332,53.914116,57.0238,115.041435,47.51537,60.2047,107.913506,46.093925,3.0
34.45466,16.00493,3.6087654,17.24277,5.4086065,3.0417204,18.49535,7.1529727,3.4926212,23.449112,9.4513645,2.0211883,9.354203,11.040077,7.364434,3.0
47.92949,25.715984,6.795741,37.74748,10.2021675,14.808753,40.524208,72.85544,82.18881,45.705956,104.169754,42.962605,42.62389,103.42704,36.667797,3.0
48.525265,27.65004,9.912519,57.71923,5.062405,32.744392,64.08833,91.52676,56.484688,62.015213,105.580765,42.355663,59.68638,101.313705,39.179733,3.0
48.306465,24.73442,9.099714,54.22455,14.801796,11.267802,73.50893,69.35848,61.648716,71.244934,93.69905,47.050896,68.134865,91.88907,46.308647,3.0
41.771267,12.624635,9.679163,59.838623,6.686989,3.1028264,64.37591,13.396974,4.0048575,63.95557,52.160477,42.74483,60.71566,47.44435,28.00285,3.0
10.3264065,83.10615,17.344852,119.843216,64.064285,86.79358,120.13594,86.78477,68.95096,116.90616,92.843956,62.597622,106.06623,67.85365,65.46951,3.0
1.5167168,80.700806,24.848326,134.06111,15.658993,42.58009,130.6761,18.326378,14.041014,121.10335,32.137512,35.938744,106.72807,36.230263,35.261177,3.0
10.471411,83.839874,34.94173,43.063286,76.18846,20.661266,137.7676,21.432732,11.471359,143.83862,35.327568,89.728264,133.62077,32.99029,81.417984,3.0
17.568415,81.529686,39.551003,33.877182,58.03554,34.251804,143.21564,25.08686,37.13806,144.76811,54.77298,87.30683,129.66875,55.031086,82.32794,3.0
18.253244,71.82893,46.875423,33.303604,4.268943,7.678668,117.87274,42.901962,13.443673,134.21191,47.296906,68.8446,126.10468,42.417522,74.8691,3.0
19.590168,62.22539,42.409008,23.73135,1.3770974,8.115122,78.35663,80.46848,13.675266,101.02685,78.96915,18.087858,86.60958,90.77459,20.800188,3.0
17.495153,59.16436,54.90271,19.462765,4.0608788,5.0453515,118.22783,45.140484,11.9962,133.14275,54.22361,29.90142,127.141685,54.28205,34.094524,3.0
20.088207,57.572357,36.0124,19.002672,4.6643205,5.7328973,94.69162,70.299286,18.28872,102.430504,77.55286,26.017677,91.42614,85.53126,24.59079,3.0
22.1918,60.168186,26.358082,21.690739,5.070249,6.550309,61.257652,99.14845,20.670061,63.07254,112.749725,24.110474,36.09059,139.30615,17.96906,3.0
27.614254,34.414623,14.901821,9.571389,3.3315446,3.7693446,2.1493943,7.7133093,3.3903995,5.68266,12.4083395,3.8303277,10.6621895,14.57403,6.1856523,3.0
